CID,FirstName,LastName,ShippingAddress,BillingAddress,CCardNum,CCardExpiryDate,CCardSecCode,CCardFirstName,CCardLastName,Email,Phone
1,John,Smith,41882 Front ST,41882 Front ST,1234567812345678,11/28,906,John,Smith,mohammed24@hotmail.com,6513752546
2,Stella,Sims,3564 Alec DR,3564 Alec DR,4198419841941594,03/26,265,Stella,Sims,gussie_boyer53@hotmail.com,5165165465
3,Sebastian,Orr,6946 State Rt 721,6946 State Rt 721,2167543675892401,12/25,661,Sebastian,Orr,efren42@hotmail.com,6541645546
4,Alexia,Schultz,435 E Main ST,435 E Main ST,1091547613451854,09/33,571,Alexia,Schultz,candace.ritchie22@hotmail.com,3216510540
5,Allen,Travis,148 N Park ST,148 N Park ST,5487239801536510,09/25,159,Allen,Travis,ashton63@gmail.com,8796541201
6,Sanaa,Small,26280 Main ST,26280 Main ST,293876451295387,01/33,284,Sanaa,Small,stone29@yahoo.com,8756432105
7,Bella,Holland,2969 Hope Springs DR NW,2969 Hope Springs DR NW,1735606087125912,03/35,2475,Bella,Holland,miracle_oconnell4@yahoo.com,2198404577
8,Ian,Greene,15 E Scioto ST,15 E Scioto ST,8754546213123231,01/31,719,Ian,Greene,chesley.murray@gmail.com,8765432002
9,Hailee,Munoz,3310 Co RD S,3310 Co RD S,1531143416542315,07/25,153,Hailee,Munoz,noel97@gmail.com,5896513207
10,Isaiah,Murray,527 E S ST,527 E S ST,1070231089045345,02/34,001,Isaiah,Murray,pascale_oreilly@hotmail.com,7878945610
11,Eliana,Ray,8007 Harrison RD,8007 Harrison RD,1767561350147654,03/31,970,Eliana,Ray,burnice79@yahoo.com,5797945416
12,Alma,Skinner,888 Quinn RD,888 Quinn RD,8799813881848111,04/30,853,Alma,Skinner,michelle54@gmail.com,3988725740
13,Liana,Brewer,1838 Vermln Twp RD 555,1838 Vermln Twp RD 555,8795466216458971,08/32,773,Liana,Brewer,dejah2@yahoo.com,3021515454
14,Sarahi,Morales,1479 Forrest DR,1479 Forrest DR,2135649505540897,04/25,9510,Sarahi,Morales,alvera79@gmail.com,3030132454
15,Clay,Strickland,9228 Boston HARBOR WAY,9228 Boston HARBOR WAY,1485761457985161,08/28,218,Clay,Strickland,travis_fay35@hotmail.com,4454121651
16,Holden,Hester,3266 Mclean RD,3266 Mclean RD,1697845913456139,10/34,906,Holden,Hester,adriel_mann0@gmail.com,5156652622
17,Arielle,Mata,316 E High ST,316 E High ST,9874512387941520,03/30,928,Arielle,Mata,garrick.franecki19@hotmail.com,2249887898
18,Harper,Haynes,201 Depot ST,201 Depot ST,8671593450126034,10/25,6472,Harper,Haynes,stanford54@gmail.com,2179962144
19,Davis,Clayton,14172 Pebble RD,14172 Pebble RD,9878349158341348,05/28,332,Davis,Clayton,braulio38@gmail.com,2467181047
20,Jasmine,Richard,321 Cheshire St,321 Cheshire St,5469845645231460,05/28,032,Jasmine,Richard,amber.von@hotmail.com,5405994541
